<?xml version="1.0" encoding="UTF-8"?>
<!DOCTYPE mbean PUBLIC
   "-//JBoss//DTD JBOSS XMBEAN 1.1//EN"
   "http://www.jboss.org/j2ee/dtd/jboss_xmbean_1_1.dtd">
<!-- The JNDIView service XMBean
$Id: JNDIView-xmbean.xml 38963 2005-12-12 22:35:32Z jerrygauth $
-->
<mbean>
	 <description>JNDIView Service. List deployed application java:comp namespaces, 
		 the java: namespace as well as the global InitialContext JNDI namespace.  Also
		 list HA-JNDI namespace in a cluster environment.
	 </description>
	 <class>org.jboss.naming.JNDIView</class>
	 &defaultAttributes;
	 <attribute access="read-write" getMethod="getHANamingService" setMethod="setHANamingService">
          <description>The HANamingService service name</description>
          <name>HANamingService</name>
          <type>java.lang.String</type>
       </attribute>
	 <operation>
		 <description>Output JNDI info as text</description>
		 <name>list</name>
		 <parameter>
			 <description>If true, list the class of each object in addition to its name</description>
			 <name>verbose</name>
			 <type>boolean</type>
		 </parameter>
		 <return-type>java.lang.String</return-type>
	 </operation>
	 <operation>
		 <description>Output JNDI info in XML format</description>
		 <name>listXML</name>
		 <return-type>java.lang.String</return-type>
	 </operation>
	 &defaultOperations;   			
 </mbean>
