<?xml version="1.0" encoding="UTF-8"?>

<deployment xmlns="urn:jboss:bean-deployer:2.0">

    <bean name="JBossThreadsMetaDataFactoryDeployer" class="org.jboss.deployers.vfs.deployer.kernel.BeanMetaDataFactoryDeployer">
        <constructor>
            <parameter>org.jboss.threads.metadata.ThreadsMetaData</parameter>
        </constructor>
    </bean>

    <bean name="JBossThreadsMetaDataSchemaResolverDeployer" class="org.jboss.deployers.vfs.spi.deployer.SchemaResolverDeployer">
        <constructor>
            <parameter>org.jboss.threads.metadata.ThreadsMetaData</parameter>
        </constructor>
        <property name="name">jboss-threads.xml</property>
        <property name="registerWithJBossXB">true</property>
    </bean>

</deployment>
